{"id":"",
    "products":[
        {"id":"1", "product_name":"Salam T-shirt", "product_price":"250", "product_category":"sunflower", "product_image_url":"assets/images/sun-kisses.jpg"},
        {"id":"2", "product_name":"Whitey", "product_price":"300", "product_category":"tshirt", "product_image_url":"https://vinay000.github.io/images/tshirt/img2.jpg"},
        {"id":"3", "product_name":"Polo Blue", "product_price":"450", "product_category":"tshirt", "product_image_url":"https://vinay000.github.io/images/tshirt/img3.jpg"},
        {"id":"4", "product_name":"Sports", "product_price":"300", "product_category":"tshirt", "product_image_url":"https://vinay000.github.io/images/tshirt/img7.jpg"},
        {"id":"5", "product_name":"Red Batmen", "product_price":"250", "product_category":"tshirt", "product_image_url":"https://vinay000.github.io/images/tshirt/img5.jpg"},
        {"id":"6", "product_name":"Rouge", "product_price":"350", "product_category":"tshirt", "product_image_url":"https://vinay000.github.io/images/tshirt/img6.jpg"},
        {"id":"7", "product_name":"Sport", "product_price":"300", "product_category":"tshirt", "product_image_url":"https://vinay000.github.io/images/tshirt/img7.jpg"},
        {"id":"8", "product_name":"Superman", "product_price":"250", "product_category":"tshirt", "product_image_url":"https://vinay000.github.io/images/tshirt/img8.jpg"},
        {"id":"9", "product_name":"Classic", "product_price":"300", "product_category":"tshirt", "product_image_url":"https://vinay000.github.io/images/tshirt/img9.jpg"},
        {"id":"10", "product_name":"Brow", "product_price":"500", "product_category":"tshirt", "product_image_url":"https://vinay000.github.io/images/tshirt/img10.jpg"},
        {"id":"11", "product_name":"white", "product_price":"300", "product_category":"tshirt", "product_image_url":"https://vinay000.github.io/images/tshirt/img2.jpg"},
        {"id":"12", "product_name":"Salam", "product_price":"250", "product_category":"tshirt", "product_image_url":"https://vinay000.github.io/images/tshirt/img1.jpg"},
        {"id":"13", "product_name":"Classic V2", "product_price":"300", "product_category":"shoes", "product_image_url":"https://vinay000.github.io/images/shoes/img1.jpg"},
        {"id":"14", "product_name":"Mole", "product_price":"500", "product_category":"shoes", "product_image_url":"https://vinay000.github.io/images/shoes/img2.jpg"},
        {"id":"15", "product_name":"Jene", "product_price":"400", "product_category":"shoes", "product_image_url":"https://vinay000.github.io/images/shoes/img3.jpg"},
        {"id":"16", "product_name":"Trooper", "product_price":"600", "product_category":"shoes", "product_image_url":"https://vinay000.github.io/images/shoes/img3.jpg"},
        {"id":"17", "product_name":"Albama", "product_price":"800", "product_category":"shoes", "product_image_url":"https://vinay000.github.io/images/shoes/img4.jpg"},
        {"id":"18", "product_name":"Makers", "product_price":"300", "product_category":"shoes", "product_image_url":"https://vinay000.github.io/images/shoes/img1.jpg"},
        {"id":"19", "product_name":"Mortal", "product_price":"499", "product_category":"shoes", "product_image_url":"https://vinay000.github.io/images/shoes/img4.jpg"},
        {"id":"20", "product_name":"Crown", "product_price":"699", "product_category":"shoes", "product_image_url":"https://vinay000.github.io/images/shoes/img2.jpg"},
        {"id":"21", "product_name":"Leopord", "product_price":"899", "product_category":"shoes", "product_image_url":"https://vinay000.github.io/images/shoes/img3.jpg"},
        {"id":"22", "product_name":"Jean", "product_price":"799", "product_category":"jean", "product_image_url":"https://vinay000.github.io/images/jean/img1.jpg"},
        {"id":"23", "product_name":"Jean", "product_price":"799", "product_category":"jean", "product_image_url":"https://vinay000.github.io/images/jean/img2.jpg"},
        {"id":"24", "product_name":"Jean", "product_price":"799", "product_category":"jean", "product_image_url":"https://vinay000.github.io/images/jean/img3.jpg"},
        {"id":"25", "product_name":"Jean", "product_price":"799", "product_category":"jean", "product_image_url":"https://vinay000.github.io/images/jean/img4.jpg"},
        {"id":"26", "product_name":"Jean", "product_price":"799", "product_category":"jean", "product_image_url":"https://vinay000.github.io/images/jean/img5.jpg"},
        {"id":"27", "product_name":"Jean", "product_price":"799", "product_category":"jean", "product_image_url":"https://vinay000.github.io/images/jean/img6.jpg"},
        {"id":"28", "product_name":"Shrug", "product_price":"499", "product_category":"shrugs", "product_image_url":"https://vinay000.github.io/images/shrugs/img1.jpg"},
        {"id":"29", "product_name":"Shrug", "product_price":"499", "product_category":"shrugs", "product_image_url":"https://vinay000.github.io/images/shrugs/img2.jpg"},
        {"id":"30", "product_name":"Shrug", "product_price":"499", "product_category":"shrugs", "product_image_url":"https://vinay000.github.io/images/shrugs/img3.jpg"},
        {"id":"31", "product_name":"Shrug", "product_price":"499", "product_category":"shrugs", "product_image_url":"https://vinay000.github.io/images/shrugs/img4.jpg"},
        {"id":"32", "product_name":"Shrug", "product_price":"499", "product_category":"shrugs", "product_image_url":"https://vinay000.github.io/images/shrugs/img5.jpg"},
        {"id":"33", "product_name":"Shrug", "product_price":"499", "product_category":"shrugs", "product_image_url":"https://vinay000.github.io/images/shrugs/img6.jpg"},
        {"id":"34", "product_name":"Shrug", "product_price":"499", "product_category":"shrugs", "product_image_url":"https://vinay000.github.io/images/shrugs/img7.jpg"}

        
    ]
}
